<?xml version="1.0" encoding="UTF-8"?>
<beans xmlns="http://www.springframework.org/schema/beans"
	xmlns:xsi="http://www.w3.org/2001/XMLSchema-instance" xmlns:context="http://www.springframework.org/schema/context"
	xmlns:tx="http://www.springframework.org/schema/tx" xmlns:mvc="http://www.springframework.org/schema/mvc"
	xsi:schemaLocation="http://www.springframework.org/schema/beans http://www.springframework.org/schema/beans/spring-beans.xsd
		http://www.springframework.org/schema/context http://www.springframework.org/schema/context/spring-context-4.0.xsd
		http://www.springframework.org/schema/mvc http://www.springframework.org/schema/mvc/spring-mvc-4.0.xsd">


	<mvc:annotation-driven />
	<context:component-scan base-package="edu.mum.bookstore.controller" />

	<bean
		class="org.springframework.web.servlet.view.InternalResourceViewResolver">
		<property name="prefix" value="/WEB-INF/views/" />
		<property name="suffix" value=".jsp" />
	</bean>


	<bean id="corsSource"
		class="org.springframework.web.cors.UrlBasedCorsConfigurationSource">
	</bean>

	<mvc:resources location="/resources/" mapping="/resource/**" />
	<bean id="messageSource"
		class="org.springframework.context.support.ResourceBundleMessageSource">
		<property name="basenames" value="messages, errorMessages"/>  
		<property name="defaultEncoding" value="UTF-8" />
	</bean>


	<bean id="multipartResolver"
		class="org.springframework.web.multipart.commons.CommonsMultipartResolver">
		<property name="maxUploadSize" value="10240000" />
		<!--property name="restrictFileTypes" value="pdf"/ -->
	</bean>

	<!-- <bean id="localeResolver" class="org.springframework.web.servlet.i18n.AcceptHeaderLocaleResolver"/> -->
	<!-- Used to handle Cookie or Session locale resolvers AUTOMATICALLY -->

	<mvc:interceptors>
		<bean class="org.springframework.web.servlet.i18n.LocaleChangeInterceptor">
			<property name="paramName" value="language" />
		</bean>
	</mvc:interceptors>
	<!-- name="paramName" value="language this is the parameter that the interceptor 
		looks for -->

	<bean id="localeResolver"
		class="org.springframework.web.servlet.i18n.SessionLocaleResolver">
		<property name="defaultLocale" value="en_US" />
	</bean>


	<!-- bean id="localeResolver" class="org.springframework.web.servlet.i18n.CookieLocaleResolver"> 
		<property name="defaultLocale" value="en"/> </bean -->














</beans>
