<beans:beans xmlns="http://www.springframework.org/schema/security"
	xmlns:beans="http://www.springframework.org/schema/beans" xmlns:xsi="http://www.w3.org/2001/XMLSchema-instance"
	xsi:schemaLocation="http://www.springframework.org/schema/beans http://www.springframework.org/schema/beans/spring-beans-4.2.xsd
    http://www.springframework.org/schema/security http://www.springframework.org/schema/security/spring-security-4.2.xsd">

	<http auto-config="true" use-expressions="true">
		<intercept-url pattern="/user/**" access="hasRole('ROLE_ADMIN')" />
		<intercept-url pattern="/orders/**" access="hasRole('ROLE_ADMIN')" />
		<intercept-url pattern="/profile/**" access="isAuthenticated()" />
		<form-login login-page="/login" username-parameter="username"
			password-parameter="password" />

			<csrf disabled="true"/>
	</http>


	<authentication-manager>
		<authentication-provider>
			<password-encoder hash="bcrypt" />
			<jdbc-user-service data-source-ref="dataSource"
				users-by-username-query="select username, password, 1 as enabled from USER where username = ?"

				authorities-by-username-query="select username, if(role=0,'ROLE_ADMIN','ROLE_USER') as authority from USER where username = ? " />
		</authentication-provider>

	</authentication-manager>

</beans:beans>