<?xml version="1.0" encoding="UTF-8"?>
<beans xmlns="http://www.springframework.org/schema/beans"
	xmlns:xsi="http://www.w3.org/2001/XMLSchema-instance"
	xmlns:context="http://www.springframework.org/schema/context"
	xmlns:mvc="http://www.springframework.org/schema/mvc"
	xsi:schemaLocation="http://www.springframework.org/schema/beans http://www.springframework.org/schema/beans/spring-beans.xsd
		http://www.springframework.org/schema/context http://www.springframework.org/schema/context/spring-context.xsd
		http://www.springframework.org/schema/mvc http://www.springframework.org/schema/mvc/spring-mvc.xsd">


	<mvc:annotation-driven enable-matrix-variables="true" validator="validator"/>
	
	<context:component-scan base-package="com.packt.webstore" />
	
      <!-- lower order value has a higher priority -->
      
	<!-- TWO WAYS to configure JSPs & Thymeleaf together SEE SLIDES --> 
 	<bean class="org.springframework.web.servlet.view.InternalResourceViewResolver">
		<property name="prefix" value="/WEB-INF/views/" />
 		<property name="order" value="4" />
	</bean>
	
	<bean class="org.thymeleaf.spring4.view.ThymeleafViewResolver">
		<property name="templateEngine" ref="templateEngine" />
 		<property name="viewNames" value="*.html" /> 		
 		<property name="order" value="3" />
	</bean>

<bean id="viewResolver" class="org.springframework.web.servlet.view.freemarker.FreeMarkerViewResolver">
    <property name="cache" value="true"/>
    <property name="prefix" value=""/>
    <property name="suffix" value=".ftl"/>
		<property name="order" value="2" />
</bean>
	
 <bean id="velocityViewResolver"
  class="org.springframework.web.servlet.view.velocity.VelocityViewResolver">
  <property name="cache" value="true" />
  <property name="prefix" value="" />
  <property name="suffix" value=".vm" />
	<property name="order" value="1" />
 </bean>
	
	<bean id= "messageSource" class="org.springframework.context.support.ResourceBundleMessageSource">
   		<property name="basename" value="messages"/> 
	</bean>
	
	<mvc:resources  location="/resources/"  mapping="/resource/**"/>
	
 	
	<bean id="localeResolver" class="org.springframework.web.servlet.i18n.SessionLocaleResolver">
		<property name="defaultLocale" value="en"/>
	</bean>
	
	<bean id="validator" class="org.springframework.validation.beanvalidation.LocalValidatorFactoryBean">
		<property name="validationMessageSource" ref="messageSource" />
	</bean>
	
  <bean id="velocityConfig"
  class="org.springframework.web.servlet.view.velocity.VelocityConfigurer">
  <property name="resourceLoaderPath" value="/WEB-INF/velocity/" />
 </bean>
  
     <bean id="freemarkerConfig" class="org.springframework.web.servlet.view.freemarker.FreeMarkerConfigurer">
      <property name="templateLoaderPath" value="/WEB-INF/freemarker/"/>
    </bean>
 
 <bean id="templateResolver"
       class="org.thymeleaf.templateresolver.ServletContextTemplateResolver">
	  <property name="prefix" value="/WEB-INF/thymeleaf/" />
 	  <property name="templateMode" value="HTML5" />
 </bean>
    
     
     <bean id="templateEngine" class="org.thymeleaf.spring4.SpringTemplateEngine">
		  <property name="templateResolver" ref="templateResolver" />
	 </bean>
     
 	
</beans>
