<?xml version="1.0" encoding="UTF-8"?>
<beans xmlns="http://www.springframework.org/schema/beans"
    xmlns:xsi="http://www.w3.org/2001/XMLSchema-instance"
    xmlns:p="http://www.springframework.org/schema/p"
    xmlns:mvc="http://www.springframework.org/schema/mvc"
    xmlns:context="http://www.springframework.org/schema/context"
    xsi:schemaLocation="
        http://www.springframework.org/schema/beans
        http://www.springframework.org/schema/beans/spring-beans.xsd
        http://www.springframework.org/schema/mvc
        http://www.springframework.org/schema/mvc/spring-mvc.xsd     
        http://www.springframework.org/schema/context
        http://www.springframework.org/schema/context/spring-context.xsd">
        
    <context:component-scan base-package="mum.edu.controller"/>
    <context:component-scan base-package="mum.edu.service"/>
    <context:component-scan base-package="mum.edu.repository"/>
    <context:component-scan base-package="mum.edu.formatter"/>
     
	<mvc:annotation-driven validator="validator" conversion-service="conversionService" />
    
    <mvc:resources mapping="/css/**" location="/css/"/>
    <mvc:resources mapping="/resource/**" location="/resources/"/>
     
    <bean id="viewResolver" class="org.springframework.web.servlet.view.InternalResourceViewResolver">
        <property name="prefix" value="/WEB-INF/jsp/"/>
        <property name="suffix" value=".jsp"/>
    </bean>
    
    	<bean id= "messageSource" class="org.springframework.context.support.ResourceBundleMessageSource">
   		<property name="basenames" value="errorMessages,messages"/> 
	</bean>
	
	<bean id="messageAccessor" class="org.springframework.context.support.MessageSourceAccessor">
    	<constructor-arg  ref="messageSource"/>
	</bean> 
	
       		<bean id="conversionService"
		class="org.springframework.format.support.FormattingConversionServiceFactoryBean">
		<property name="formatters">
			<set>
				<bean class="mum.edu.formatter.ISBNFormatter"> </bean>
			</set>
		</property>
	</bean>

	<bean id="validator"
		class="org.springframework.validation.beanvalidation.LocalValidatorFactoryBean">
		<property name="validationMessageSource" ref="messageSource" />
	</bean>

      
</beans>